[
    {
        "id": "asljd-jsakk-aqwe",
        "user": "b088aec3-ccbf-489e-a113-08177c2697b0",
        "msgType": "image",
        "timestamp": 1627836760113,
        "msgParams": {
            "orientation": "landscape",
            "size": "131 kB",
            "thumbnail": "https://firebasestorage.googleapis.com/v0/b/my-portfolio-15c91.appspot.com/o/temp%2F2.jpg?alt=media&token=3fc8d7fa-acd0-4824-8901-284ad71d7174",
            "url": "https://images.unsplash.com/photo-1627573002203-abedce71ddb6?ixid=MnwxMjA3fDB8MHxwaG90by1wYWdlfHx8fGVufDB8fHx8&ixlib=rb-1.2.1&auto=format&fit=crop&w=1050&q=80"
        }
    },
    {
        "id": "asjhdkj-askjdh-asdjvcjd",
        "user": "b088aec3-ccbf-489e-a113-08177c2697b0",
        "msgType": "text",
        "timestamp": 1627836754253,
        "msgParams": {
            "text": "Hey guys! I have been working on this app lately, so I would really appreciate if you could download this app from google playstore. This app is now live. Please give your valuable feedback and don't forget to rate it if you like."
        }
    },
    {
        "id": "jashd-askjhd-akjshjaskja",
        "user": "2339b0c3-cbdc-4944-9b67-3812998d9879",
        "msgType": "document",
        "timestamp": 1627836760003,
        "msgParams": {
            "fileName": "Screenshot2021.jpg",
            "fileSize": "159 kB",
            "url": "abc@abc.com"
        }
    },
    {
        "id": "kjaskdhask-askjdh-asdkjh",
        "user": "b088aec3-ccbf-489e-a113-08177c2697b0",
        "msgType": "voice",
        "timestamp": 1627836760153,
        "msgParams": {
            "duration": 312,
            "url": "abc@abc.com"
        }
    },
    {
        "id": "kjaskdha2sk-askjdh-asdkjh",
        "user": "2339b0c3-cbdc-4944-9b67-3812998d9879",
        "msgType": "voice",
        "timestamp": 1627836760253,
        "msgParams": {
            "duration": 312,
            "url": "abc@abc.com"
        }
    },

    {
        "id": "asjhdkj-askjdh-asadjvcjd",
        "user": "b088aec3-ccbf-489e-a113-08177c2697b0",
        "msgType": "text",
        "timestamp": 1627836761253,
        "msgParams": {
            "text": "I have been working on this app lately, so I would really appreciate if you could download this app from google playstore. Please give your valuable feedback and don't forget to rate it if you like."
        }
    },

    {
        "id": "zxcasljd-jsarkk-poiaqwe",
        "user": "2339b0c3-cbdc-4944-9b67-3812998d9879",
        "msgType": "image",
        "timestamp": 1627836763253,
        "msgParams": {
            "size": "531 kB",
            "orientation": "potrait",
            "thumbnail": "https://firebasestorage.googleapis.com/v0/b/my-portfolio-15c91.appspot.com/o/temp%2F1.jpg?alt=media&token=75149bcd-ef63-4dba-b58f-bb9722c18741",
            "url": "https://images.unsplash.com/photo-1521676259650-675b5bfec1ae?ixid=MnwxMjA3fDB8MHxwaG90by1wYWdlfHx8fGVufDB8fHx8&ixlib=rb-1.2.1&auto=format&fit=crop&w=334&q=80"
        }
    }
]
