[
    {
        "id": "asjhdkj-askjdh-asdjvcjd",
        "user": "b088aec3-ccbf-489e-a113-08177c2697b0",
        "msgType": "text",
        "timestamp": 1627836754253,
        "msgParams": {
            "text": "Hey guys! I have been working on this app lately, so I would really appreciate if you could download this app from google playstore. This app is now live. Please give your valuable feedback and don't forget to rate it if you like."
        }
    },
    {
        "id": "jashd-askjhd-akjshjaskja",
        "user": "b088aec3-ccbf-489e-a113-08177c2697b0",
        "msgType": "document",
        "timestamp": 1627836760003,
        "msgParams": {
            "fileName": "Screenshot2021.jpg",
            "fileSize": "159 kB",
            "url": "abc@abc.com"
        }
    },
    {
        "id": "asljd-jsakk-aqwe",
        "user": "2339b0c3-cbdc-4944-9b67-3812998d9879",
        "msgType": "image",
        "timestamp": 1627836760113,
        "msgParams": {
            "orientation": "landscape",
            "size": "131 kB",
            "thumbnail": "https://firebasestorage.googleapis.com/v0/b/my-portfolio-15c91.appspot.com/o/temp%2F2.jpg?alt=media&token=3fc8d7fa-acd0-4824-8901-284ad71d7174",
            "url": "https://images.unsplash.com/photo-1627573002203-abedce71ddb6?ixid=MnwxMjA3fDB8MHxwaG90by1wYWdlfHx8fGVufDB8fHx8&ixlib=rb-1.2.1&auto=format&fit=crop&w=1050&q=80"
        }
    },
    {
        "id": "kjaskdhask-askjdh-asdkjh",
        "user": "b088aec3-ccbf-489e-a113-08177c2697b0",
        "msgType": "voice",
        "timestamp": 1627836760153,
        "msgParams": {
            "duration": 312,
            "url": "abc@abc.com"
        }
    },
    {
        "id": "kjaskdha2sk-askjdh-asdkjh",
        "user": "b088aec3-ccbf-489e-a113-08177c2697b0",
        "msgType": "voice",
        "timestamp": 1627836760253,
        "msgParams": {
            "duration": 312,
            "url": "abc@abc.com"
        }
    },

    {
        "id": "xcasljd-ark2k-poiaqwe",
        "user": "b088aec3-ccbf-489e-a113-08177c2697b0",
        "msgType": "video",
        "timestamp": 1627836764153,
        "msgParams": {
            "size": "281 kB",
            "orientation": "landscape",
            "duration": "00:15",
            "thumbnail": "https://firebasestorage.googleapis.com/v0/b/my-portfolio-15c91.appspot.com/o/temp%2Fthumbnailvid1-min.png?alt=media&token=ccd32251-9bac-443b-83e8-fa5e1c776956",
            "url": "https://storage.coverr.co/videos/YMcI3HlMOuSf6T1DDQOGzSQhUlobNQGh?token=eyJhbGciOiJIUzI1NiIsInR5cCI6IkpXVCJ9.eyJhcHBJZCI6Ijg3NjdFMzIzRjlGQzEzN0E4QTAyIiwiaWF0IjoxNjI3ODM0NTcyfQ.vR71qiS6CRn4_pr1HUeVohCefPII5fzznL4lX-lkGtI"
        }
    },
    {
        "id": "xcasljd-arkk-poiaqwe",
        "user": "2339b0c3-cbdc-4944-9b67-3812998d9879",
        "msgType": "video",
        "timestamp": 1627836764253,
        "msgParams": {
            "orientation": "potrait",
            "size": "981 kB",
            "duration": "00:45",
            "thumbnail": "https://firebasestorage.googleapis.com/v0/b/my-portfolio-15c91.appspot.com/o/temp%2Fthumbnailvid2-min.png?alt=media&token=d54a6899-8613-47aa-be39-619a18a78358",
            "url": "https://player.vimeo.com/external/565791593.sd.mp4?s=fa438f0a90f8c5c40133e50260d3559008660dc2&profile_id=165&oauth2_token_id=57447761"
        }
    }
]
