[
  {
    "id": "8bc44bbe-b4b0-492a-82d3-33de98251aa6",
    "type": "group",
    "name": "RoomId",
    "avatar": "https://steamcdn-a.akamaihd.net/steamcommunity/public/images/avatars/80/80e16b748d062e3875a53b8e984df3a953fad448_full.jpg",
    "viewedOn": 23847234,
    "seenUntil": 3242344,
    "createdOn": 29374932
  },
  {
    "id": "22dd58e1-3df5-4b31-95c6-b53c9ac42d1f",
    "type": "chat",
    "name": "James 2",
    "avatar": "https://steamcdn-a.akamaihd.net/steamcommunity/public/images/avatars/80/80e29826d1f5b9f9fc2898b1088ee10ea275b9ba_full.jpg",
    "viewedOn": 23847234,
    "seenUntil": 3242344,
    "createdOn": 29374932
  },
  {
    "id": "b2848bad-77de-4c9e-8de7-bb4492905bbb",
    "type": "chat",
    "name": "Ava Wayne",
    "avatar": "https://steamcdn-a.akamaihd.net/steamcommunity/public/images/avatars/81/810fe1f1e8f05eeef0e315c2c5390ed41a4ea0e3_full.jpg",
    "viewedOn": 23847234,
    "seenUntil": 3242344,
    "createdOn": 29374932
  },
  {
    "_id": "",
    "participants": ["dtfghjkml", "asdfgfdsa"],
    "type": "chat",
    "msgType": "document",
    "msgParams": {
      "fileName": "Screenshot2021.jpg",
      "fileSize": "159 kB",
      "url": "abc@abc.com"
    }
  }
]
